mean,median,var,std,frst_kvart,third_kvart,Y_summ_left,Y_summ_right
54.4064602960969,49.0,566.03402828919,23.7914696538316,39,63,1626261.6685381292,1649499.1224060408
