R,s_R,p,left,right
27.356736111111115,0.08263028105835243,0.059101335852111726,0.06396506733080286,0.05902247871145574
