R,s_R,p,left,right
27.356736111111115,0.08263028105835243,0.059101335852111726,0.05410266981668062,0.06410000188754283
