task,stat,p,h
3,0.7370191922758984,0.0017197863962116777,3
8,0.11430011430017145,0.7532095147184963,0
24,-0.2707874169444197,0.15519530632268022,0
