odno_s,odno_p,odno_h,rast_s,rast_p,rast_h
0.9337511590444215,0.35190354593710804,0,0.9816459432939638,0.5323768927001069,0
